Group 1,Group 2,H,p-value,q-value
highschool (n=130),highschool_hs (n=348),236.09083025533982,2.7996752549267254e-53,2.7996752549267254e-53
